timeStamp,elapsed,label,responseCode,responseMessage,threadName,dataType,success,failureMessage,bytes,sentBytes,grpThreads,allThreads,URL,Latency,IdleTime,Connect
1653927089294,4058,https://blazedemo.com/,200,OK,Thread Group 1-6,text,true,,286512,3134,10,10,https://blazedemo.com/,2217,0,1655
1653927089294,2218,https://blazedemo.com/-0,200,OK,Thread Group 1-6,text,true,,3228,499,10,10,https://blazedemo.com/,2217,0,1655
1653927091542,676,https://blazedemo.com/-1,200,OK,Thread Group 1-6,text,true,,83981,541,10,10,http://ajax.googleapis.com/ajax/libs/jquery/2.0.0/jquery.min.js,676,0,78
1653927091543,1083,https://blazedemo.com/-2,200,OK,Thread Group 1-6,text,true,,28981,522,10,10,https://blazedemo.com/assets/bootstrap.min.js,1017,0,705
1653927091544,1124,https://blazedemo.com/-3,200,OK,Thread Group 1-6,text,true,,39488,524,10,10,https://blazedemo.com/assets/bootstrap-table.js,1060,0,740
1653927091541,1811,https://blazedemo.com/-4,200,OK,Thread Group 1-6,text,true,,126767,523,10,10,https://blazedemo.com/assets/bootstrap.min.css,1337,0,961
1653927091541,460,https://blazedemo.com/-5,200,OK,Thread Group 1-6,text,true,,4067,525,10,10,https://blazedemo.com/assets/bootstrap-table.css,386,0,0
1653927089096,4067,https://blazedemo.com/,200,OK,Thread Group 1-4,text,true,,286512,3134,10,10,https://blazedemo.com/,2267,0,1856
1653927089096,2269,https://blazedemo.com/-0,200,OK,Thread Group 1-4,text,true,,3228,499,10,10,https://blazedemo.com/,2267,0,1856
1653927091489,751,https://blazedemo.com/-1,200,OK,Thread Group 1-4,text,true,,83981,541,10,10,http://ajax.googleapis.com/ajax/libs/jquery/2.0.0/jquery.min.js,751,0,130
1653927091485,1134,https://blazedemo.com/-2,200,OK,Thread Group 1-4,text,true,,28981,522,10,10,https://blazedemo.com/assets/bootstrap.min.js,1088,0,784
1653927089488,3704,https://blazedemo.com/,200,OK,Thread Group 1-8,text,true,,286512,3134,10,10,https://blazedemo.com/,2134,0,1465
1653927089488,2134,https://blazedemo.com/-0,200,OK,Thread Group 1-8,text,true,,3228,499,10,10,https://blazedemo.com/,2134,0,1465
1653927091927,489,https://blazedemo.com/-1,200,OK,Thread Group 1-8,text,true,,83981,541,10,10,http://ajax.googleapis.com/ajax/libs/jquery/2.0.0/jquery.min.js,489,0,133
1653927091887,464,https://blazedemo.com/-2,200,OK,Thread Group 1-8,text,true,,28981,522,10,10,https://blazedemo.com/assets/bootstrap.min.js,401,0,0
1653927091930,957,https://blazedemo.com/-3,200,OK,Thread Group 1-8,text,true,,39488,524,10,10,https://blazedemo.com/assets/bootstrap-table.js,802,0,488
1653927091930,1262,https://blazedemo.com/-4,200,OK,Thread Group 1-8,text,true,,126767,523,10,10,https://blazedemo.com/assets/bootstrap.min.css,710,0,403
1653927091947,763,https://blazedemo.com/-5,200,OK,Thread Group 1-8,text,true,,4067,525,10,10,https://blazedemo.com/assets/bootstrap-table.css,760,0,459
1653927091484,1135,https://blazedemo.com/-3,200,OK,Thread Group 1-4,text,true,,39488,524,10,10,https://blazedemo.com/assets/bootstrap-table.js,1039,0,739
1653927091483,1680,https://blazedemo.com/-4,200,OK,Thread Group 1-4,text,true,,126767,523,10,10,https://blazedemo.com/assets/bootstrap.min.css,1091,0,765
1653927091480,610,https://blazedemo.com/-5,200,OK,Thread Group 1-4,text,true,,4067,525,10,10,https://blazedemo.com/assets/bootstrap-table.css,466,0,0
1653927089587,3427,https://blazedemo.com/,200,OK,Thread Group 1-9,text,true,,286512,3134,10,10,https://blazedemo.com/,1924,0,1366
1653927089587,1925,https://blazedemo.com/-0,200,OK,Thread Group 1-9,text,true,,3228,499,10,10,https://blazedemo.com/,1924,0,1366
1653927091524,596,https://blazedemo.com/-1,200,OK,Thread Group 1-9,text,true,,83981,541,10,10,http://ajax.googleapis.com/ajax/libs/jquery/2.0.0/jquery.min.js,595,0,84
1653927088941,3967,https://blazedemo.com/,200,OK,Thread Group 1-2,text,true,,286512,3134,10,10,https://blazedemo.com/,2509,0,2008
1653927091527,1108,https://blazedemo.com/-2,200,OK,Thread Group 1-9,text,true,,28981,522,10,10,https://blazedemo.com/assets/bootstrap.min.js,1047,0,743
1653927088941,2510,https://blazedemo.com/-0,200,OK,Thread Group 1-2,text,true,,3228,499,10,10,https://blazedemo.com/,2509,0,2008
1653927091526,1138,https://blazedemo.com/-3,200,OK,Thread Group 1-9,text,true,,39488,524,10,10,https://blazedemo.com/assets/bootstrap-table.js,1053,0,742
1653927091557,790,https://blazedemo.com/-1,200,OK,Thread Group 1-2,text,true,,83981,541,10,10,http://ajax.googleapis.com/ajax/libs/jquery/2.0.0/jquery.min.js,789,0,75
1653927091525,1489,https://blazedemo.com/-4,200,OK,Thread Group 1-9,text,true,,126767,523,10,10,https://blazedemo.com/assets/bootstrap.min.css,1207,0,892
1653927091553,1339,https://blazedemo.com/-2,200,OK,Thread Group 1-2,text,true,,28981,522,10,10,https://blazedemo.com/assets/bootstrap.min.js,1021,0,718
1653927091525,467,https://blazedemo.com/-5,200,OK,Thread Group 1-9,text,true,,4067,525,10,10,https://blazedemo.com/assets/bootstrap-table.css,403,0,0
1653927091551,1357,https://blazedemo.com/-3,200,OK,Thread Group 1-2,text,true,,39488,524,10,10,https://blazedemo.com/assets/bootstrap-table.js,1330,0,951
1653927091537,868,https://blazedemo.com/-4,200,OK,Thread Group 1-2,text,true,,126767,523,10,10,https://blazedemo.com/assets/bootstrap.min.css,464,0,0
1653927091548,1201,https://blazedemo.com/-5,200,OK,Thread Group 1-2,text,true,,4067,525,10,10,https://blazedemo.com/assets/bootstrap-table.css,1199,0,895
1653927088995,3914,https://blazedemo.com/,200,OK,Thread Group 1-3,text,true,,286512,3134,10,10,https://blazedemo.com/,2382,0,1953
1653927088995,2383,https://blazedemo.com/-0,200,OK,Thread Group 1-3,text,true,,3228,499,10,10,https://blazedemo.com/,2382,0,1953
1653927091490,499,https://blazedemo.com/-1,200,OK,Thread Group 1-3,text,true,,83981,541,10,10,http://ajax.googleapis.com/ajax/libs/jquery/2.0.0/jquery.min.js,499,0,92
1653927091555,1340,https://blazedemo.com/-2,200,OK,Thread Group 1-3,text,true,,28981,522,10,10,https://blazedemo.com/assets/bootstrap.min.js,1157,0,864
1653927091562,1068,https://blazedemo.com/-3,200,OK,Thread Group 1-3,text,true,,39488,524,10,10,https://blazedemo.com/assets/bootstrap-table.js,981,0,674
1653927091518,1391,https://blazedemo.com/-4,200,OK,Thread Group 1-3,text,true,,126767,523,10,10,https://blazedemo.com/assets/bootstrap.min.css,1115,0,812
1653927091491,452,https://blazedemo.com/-5,200,OK,Thread Group 1-3,text,true,,4067,525,10,10,https://blazedemo.com/assets/bootstrap-table.css,451,0,0
1653927088941,3956,https://blazedemo.com/,200,OK,Thread Group 1-1,text,true,,286512,3134,10,10,https://blazedemo.com/,2509,0,2012
1653927088941,2510,https://blazedemo.com/-0,200,OK,Thread Group 1-1,text,true,,3228,499,10,10,https://blazedemo.com/,2509,0,2012
1653927091485,491,https://blazedemo.com/-1,200,OK,Thread Group 1-1,text,true,,83981,541,10,10,http://ajax.googleapis.com/ajax/libs/jquery/2.0.0/jquery.min.js,491,0,119
1653927091573,1031,https://blazedemo.com/-2,200,OK,Thread Group 1-1,text,true,,28981,522,10,10,https://blazedemo.com/assets/bootstrap.min.js,960,0,662
1653927091564,1009,https://blazedemo.com/-3,200,OK,Thread Group 1-1,text,true,,39488,524,10,10,https://blazedemo.com/assets/bootstrap-table.js,908,0,610
1653927091559,1338,https://blazedemo.com/-4,200,OK,Thread Group 1-1,text,true,,126767,523,10,10,https://blazedemo.com/assets/bootstrap.min.css,961,0,665
1653927091558,387,https://blazedemo.com/-5,200,OK,Thread Group 1-1,text,true,,4067,525,10,10,https://blazedemo.com/assets/bootstrap-table.css,328,0,0
1653927089392,3498,https://blazedemo.com/,200,OK,Thread Group 1-7,text,true,,286512,3134,10,10,https://blazedemo.com/,1946,0,1558
1653927089392,1951,https://blazedemo.com/-0,200,OK,Thread Group 1-7,text,true,,3228,499,10,10,https://blazedemo.com/,1946,0,1558
1653927091538,818,https://blazedemo.com/-1,200,OK,Thread Group 1-7,text,true,,83981,541,10,10,http://ajax.googleapis.com/ajax/libs/jquery/2.0.0/jquery.min.js,818,0,81
1653927091536,1171,https://blazedemo.com/-2,200,OK,Thread Group 1-7,text,true,,28981,522,10,10,https://blazedemo.com/assets/bootstrap.min.js,1097,0,793
1653927091486,1074,https://blazedemo.com/-3,200,OK,Thread Group 1-7,text,true,,39488,524,10,10,https://blazedemo.com/assets/bootstrap-table.js,988,0,688
1653927091481,1409,https://blazedemo.com/-4,200,OK,Thread Group 1-7,text,true,,126767,523,10,10,https://blazedemo.com/assets/bootstrap.min.css,1093,0,789
1653927091480,471,https://blazedemo.com/-5,200,OK,Thread Group 1-7,text,true,,4067,525,10,10,https://blazedemo.com/assets/bootstrap-table.css,470,0,0
1653927089191,3495,https://blazedemo.com/,200,OK,Thread Group 1-5,text,true,,286512,3134,10,10,https://blazedemo.com/,2162,0,1760
1653927089191,2162,https://blazedemo.com/-0,200,OK,Thread Group 1-5,text,true,,3228,499,10,10,https://blazedemo.com/,2162,0,1760
1653927091480,519,https://blazedemo.com/-1,200,OK,Thread Group 1-5,text,true,,83981,541,10,10,http://ajax.googleapis.com/ajax/libs/jquery/2.0.0/jquery.min.js,519,0,122
1653927091481,1073,https://blazedemo.com/-2,200,OK,Thread Group 1-5,text,true,,28981,522,10,10,https://blazedemo.com/assets/bootstrap.min.js,990,0,692
1653927091486,1187,https://blazedemo.com/-3,200,OK,Thread Group 1-5,text,true,,39488,524,10,10,https://blazedemo.com/assets/bootstrap-table.js,1093,0,784
1653927091481,708,https://blazedemo.com/-4,200,OK,Thread Group 1-5,text,true,,126767,523,10,10,https://blazedemo.com/assets/bootstrap.min.css,496,0,0
1653927091567,1119,https://blazedemo.com/-5,200,OK,Thread Group 1-5,text,true,,4067,525,10,10,https://blazedemo.com/assets/bootstrap-table.css,1118,0,810
1653927089688,3044,https://blazedemo.com/,200,OK,Thread Group 1-10,text,true,,286512,3134,10,10,https://blazedemo.com/,1667,0,1263
1653927089688,1669,https://blazedemo.com/-0,200,OK,Thread Group 1-10,text,true,,3228,499,10,10,https://blazedemo.com/,1667,0,1263
1653927091482,451,https://blazedemo.com/-1,200,OK,Thread Group 1-10,text,true,,83981,541,10,10,http://ajax.googleapis.com/ajax/libs/jquery/2.0.0/jquery.min.js,451,0,124
1653927091549,1183,https://blazedemo.com/-2,200,OK,Thread Group 1-10,text,true,,28981,522,10,10,https://blazedemo.com/assets/bootstrap.min.js,1131,0,833
1653927091534,1175,https://blazedemo.com/-3,200,OK,Thread Group 1-10,text,true,,39488,524,10,10,https://blazedemo.com/assets/bootstrap-table.js,1089,0,778
1653927091492,835,https://blazedemo.com/-4,200,OK,Thread Group 1-10,text,true,,126767,523,10,10,https://blazedemo.com/assets/bootstrap.min.css,580,0,0
1653927091544,1087,https://blazedemo.com/-5,200,OK,Thread Group 1-10,text,true,,4067,525,10,10,https://blazedemo.com/assets/bootstrap-table.css,1087,0,786
1653927095265,840,https://blazedemo.com/reserve.php,200,OK,Thread Group 1-7,text,true,,6761,3891,10,10,https://blazedemo.com/reserve.php,502,0,0
1653927095265,507,https://blazedemo.com/reserve.php-0,200,OK,Thread Group 1-7,text,true,,5843,613,10,10,https://blazedemo.com/reserve.php,502,0,0
1653927095785,85,https://blazedemo.com/reserve.php-1,304,Not Modified,Thread Group 1-7,,true,,214,640,10,10,http://ajax.googleapis.com/ajax/libs/jquery/2.0.0/jquery.min.js,0,0,0
1653927095783,303,https://blazedemo.com/reserve.php-2,304,Not Modified,Thread Group 1-7,,true,,176,658,10,10,https://blazedemo.com/assets/bootstrap.min.js,0,0,0
1653927095789,304,https://blazedemo.com/reserve.php-3,304,Not Modified,Thread Group 1-7,,true,,176,660,10,10,https://blazedemo.com/assets/bootstrap-table.js,0,0,0
1653927095789,310,https://blazedemo.com/reserve.php-4,304,Not Modified,Thread Group 1-7,,true,,177,660,10,10,https://blazedemo.com/assets/bootstrap.min.css,0,0,0
1653927095786,319,https://blazedemo.com/reserve.php-5,304,Not Modified,Thread Group 1-7,,true,,175,660,10,10,https://blazedemo.com/assets/bootstrap-table.css,0,0,0
1653927089390,4338,Test,200,"Number of samples in transaction : 2, number of failing samples : 0",Thread Group 1-7,,true,,293273,7025,10,10,null,2448,2379,1558
1653927095593,1529,https://blazedemo.com/reserve.php,200,OK,Thread Group 1-9,text,true,,6761,3891,9,9,https://blazedemo.com/reserve.php,1195,0,0
1653927095593,1195,https://blazedemo.com/reserve.php-0,200,OK,Thread Group 1-9,text,true,,5843,613,9,9,https://blazedemo.com/reserve.php,1195,0,0
1653927096799,75,https://blazedemo.com/reserve.php-1,304,Not Modified,Thread Group 1-9,,true,,214,640,9,9,http://ajax.googleapis.com/ajax/libs/jquery/2.0.0/jquery.min.js,0,0,0
1653927096799,298,https://blazedemo.com/reserve.php-2,304,Not Modified,Thread Group 1-9,,true,,176,658,9,9,https://blazedemo.com/assets/bootstrap.min.js,0,0,0
1653927096804,318,https://blazedemo.com/reserve.php-3,304,Not Modified,Thread Group 1-9,,true,,176,660,9,9,https://blazedemo.com/assets/bootstrap-table.js,0,0,0
1653927096803,304,https://blazedemo.com/reserve.php-4,304,Not Modified,Thread Group 1-9,,true,,177,660,9,9,https://blazedemo.com/assets/bootstrap.min.css,0,0,0
1653927096803,308,https://blazedemo.com/reserve.php-5,304,Not Modified,Thread Group 1-9,,true,,175,660,9,9,https://blazedemo.com/assets/bootstrap-table.css,0,0,0
1653927089585,4956,Test,200,"Number of samples in transaction : 2, number of failing samples : 0",Thread Group 1-9,,true,,293273,7025,9,9,null,3119,2583,1366
1653927096350,1508,https://blazedemo.com/reserve.php,200,OK,Thread Group 1-8,text,true,,6761,3891,8,8,https://blazedemo.com/reserve.php,1166,0,0
1653927096350,1167,https://blazedemo.com/reserve.php-0,200,OK,Thread Group 1-8,text,true,,5843,613,8,8,https://blazedemo.com/reserve.php,1166,0,0
1653927097528,82,https://blazedemo.com/reserve.php-1,304,Not Modified,Thread Group 1-8,,true,,214,640,8,8,http://ajax.googleapis.com/ajax/libs/jquery/2.0.0/jquery.min.js,0,0,0
1653927097529,323,https://blazedemo.com/reserve.php-2,304,Not Modified,Thread Group 1-8,,true,,176,658,8,8,https://blazedemo.com/assets/bootstrap.min.js,0,0,0
1653927097536,308,https://blazedemo.com/reserve.php-3,304,Not Modified,Thread Group 1-8,,true,,176,660,8,8,https://blazedemo.com/assets/bootstrap-table.js,0,0,0
1653927097531,327,https://blazedemo.com/reserve.php-4,304,Not Modified,Thread Group 1-8,,true,,177,660,8,8,https://blazedemo.com/assets/bootstrap.min.css,0,0,0
1653927097528,309,https://blazedemo.com/reserve.php-5,304,Not Modified,Thread Group 1-8,,true,,175,660,8,8,https://blazedemo.com/assets/bootstrap-table.css,0,0,0
1653927089486,5212,Test,200,"Number of samples in transaction : 2, number of failing samples : 0",Thread Group 1-8,,true,,293273,7025,8,8,null,3300,3162,1465
1653927096341,1697,https://blazedemo.com/reserve.php,200,OK,Thread Group 1-4,text,true,,6761,3891,7,7,https://blazedemo.com/reserve.php,1192,0,0
1653927096341,1206,https://blazedemo.com/reserve.php-0,200,OK,Thread Group 1-4,text,true,,5843,613,7,7,https://blazedemo.com/reserve.php,1192,0,0
1653927097558,86,https://blazedemo.com/reserve.php-1,304,Not Modified,Thread Group 1-4,,true,,214,640,7,7,http://ajax.googleapis.com/ajax/libs/jquery/2.0.0/jquery.min.js,0,0,0
1653927097559,298,https://blazedemo.com/reserve.php-2,304,Not Modified,Thread Group 1-4,,true,,176,658,7,7,https://blazedemo.com/assets/bootstrap.min.js,0,0,0
1653927097558,325,https://blazedemo.com/reserve.php-3,304,Not Modified,Thread Group 1-4,,true,,176,660,7,7,https://blazedemo.com/assets/bootstrap-table.js,0,0,0
1653927097558,480,https://blazedemo.com/reserve.php-4,304,Not Modified,Thread Group 1-4,,true,,177,660,7,7,https://blazedemo.com/assets/bootstrap.min.css,0,0,0
1653927097559,299,https://blazedemo.com/reserve.php-5,304,Not Modified,Thread Group 1-4,,true,,175,660,7,7,https://blazedemo.com/assets/bootstrap-table.css,0,0,0
1653927089093,5764,Test,200,"Number of samples in transaction : 2, number of failing samples : 0",Thread Group 1-4,,true,,293273,7025,7,7,null,3459,3182,1856
1653927100928,866,https://blazedemo.com/reserve.php,200,OK,Thread Group 1-5,text,true,,6761,3891,6,6,https://blazedemo.com/reserve.php,536,0,0
1653927100928,541,https://blazedemo.com/reserve.php-0,200,OK,Thread Group 1-5,text,true,,5843,613,6,6,https://blazedemo.com/reserve.php,536,0,0
1653927101477,72,https://blazedemo.com/reserve.php-1,304,Not Modified,Thread Group 1-5,,true,,214,640,6,6,http://ajax.googleapis.com/ajax/libs/jquery/2.0.0/jquery.min.js,0,0,0
1653927101477,302,https://blazedemo.com/reserve.php-2,304,Not Modified,Thread Group 1-5,,true,,176,658,6,6,https://blazedemo.com/assets/bootstrap.min.js,0,0,0
1653927101489,297,https://blazedemo.com/reserve.php-3,304,Not Modified,Thread Group 1-5,,true,,176,660,6,6,https://blazedemo.com/assets/bootstrap-table.js,0,0,0
1653927101480,314,https://blazedemo.com/reserve.php-4,304,Not Modified,Thread Group 1-5,,true,,177,660,6,6,https://blazedemo.com/assets/bootstrap.min.css,0,0,0
1653927101477,310,https://blazedemo.com/reserve.php-5,304,Not Modified,Thread Group 1-5,,true,,175,660,6,6,https://blazedemo.com/assets/bootstrap-table.css,0,0,0
1653927089189,4361,Test,200,"Number of samples in transaction : 2, number of failing samples : 0",Thread Group 1-5,,true,,293273,7025,6,6,null,2698,8245,1760
1653927100984,894,https://blazedemo.com/reserve.php,200,OK,Thread Group 1-10,text,true,,6761,3891,5,5,https://blazedemo.com/reserve.php,528,0,0
1653927100984,528,https://blazedemo.com/reserve.php-0,200,OK,Thread Group 1-10,text,true,,5843,613,5,5,https://blazedemo.com/reserve.php,528,0,0
1653927101517,69,https://blazedemo.com/reserve.php-1,304,Not Modified,Thread Group 1-10,,true,,214,640,5,5,http://ajax.googleapis.com/ajax/libs/jquery/2.0.0/jquery.min.js,0,0,0
1653927101517,361,https://blazedemo.com/reserve.php-2,304,Not Modified,Thread Group 1-10,,true,,176,658,5,5,https://blazedemo.com/assets/bootstrap.min.js,0,0,0
1653927101518,304,https://blazedemo.com/reserve.php-3,304,Not Modified,Thread Group 1-10,,true,,176,660,5,5,https://blazedemo.com/assets/bootstrap-table.js,0,0,0
1653927101521,321,https://blazedemo.com/reserve.php-4,304,Not Modified,Thread Group 1-10,,true,,177,660,5,5,https://blazedemo.com/assets/bootstrap.min.css,0,0,0
1653927101518,352,https://blazedemo.com/reserve.php-5,304,Not Modified,Thread Group 1-10,,true,,175,660,5,5,https://blazedemo.com/assets/bootstrap-table.css,0,0,0
1653927089685,3938,Test,200,"Number of samples in transaction : 2, number of failing samples : 0",Thread Group 1-10,,true,,293273,7025,5,5,null,2195,8256,1263
1653927100614,1382,https://blazedemo.com/reserve.php,200,OK,Thread Group 1-6,text,true,,6761,3891,4,4,https://blazedemo.com/reserve.php,1057,0,0
1653927100614,1060,https://blazedemo.com/reserve.php-0,200,OK,Thread Group 1-6,text,true,,5843,613,4,4,https://blazedemo.com/reserve.php,1057,0,0
1653927101680,82,https://blazedemo.com/reserve.php-1,304,Not Modified,Thread Group 1-6,,true,,214,640,4,4,http://ajax.googleapis.com/ajax/libs/jquery/2.0.0/jquery.min.js,0,0,0
1653927101681,298,https://blazedemo.com/reserve.php-2,304,Not Modified,Thread Group 1-6,,true,,176,658,4,4,https://blazedemo.com/assets/bootstrap.min.js,0,0,0
1653927101684,292,https://blazedemo.com/reserve.php-3,304,Not Modified,Thread Group 1-6,,true,,176,660,4,4,https://blazedemo.com/assets/bootstrap-table.js,0,0,0
1653927101689,307,https://blazedemo.com/reserve.php-4,304,Not Modified,Thread Group 1-6,,true,,177,660,4,4,https://blazedemo.com/assets/bootstrap.min.css,0,0,0
1653927101681,304,https://blazedemo.com/reserve.php-5,304,Not Modified,Thread Group 1-6,,true,,175,660,4,4,https://blazedemo.com/assets/bootstrap-table.css,0,0,0
1653927089291,5440,Test,200,"Number of samples in transaction : 2, number of failing samples : 0",Thread Group 1-6,,true,,293273,7025,4,4,null,3274,7266,1655
1653927101252,857,https://blazedemo.com/reserve.php,200,OK,Thread Group 1-1,text,true,,6761,3891,3,3,https://blazedemo.com/reserve.php,542,0,0
1653927101252,542,https://blazedemo.com/reserve.php-0,200,OK,Thread Group 1-1,text,true,,5843,613,3,3,https://blazedemo.com/reserve.php,542,0,0
1653927101800,67,https://blazedemo.com/reserve.php-1,304,Not Modified,Thread Group 1-1,,true,,214,640,3,3,http://ajax.googleapis.com/ajax/libs/jquery/2.0.0/jquery.min.js,0,0,0
1653927101800,301,https://blazedemo.com/reserve.php-2,304,Not Modified,Thread Group 1-1,,true,,176,658,3,3,https://blazedemo.com/assets/bootstrap.min.js,0,0,0
1653927101800,299,https://blazedemo.com/reserve.php-3,304,Not Modified,Thread Group 1-1,,true,,176,660,3,3,https://blazedemo.com/assets/bootstrap-table.js,0,0,0
1653927101800,301,https://blazedemo.com/reserve.php-4,304,Not Modified,Thread Group 1-1,,true,,177,660,3,3,https://blazedemo.com/assets/bootstrap.min.css,0,0,0
1653927101805,304,https://blazedemo.com/reserve.php-5,304,Not Modified,Thread Group 1-1,,true,,175,660,3,3,https://blazedemo.com/assets/bootstrap-table.css,0,0,0
1653927088809,4813,Test,200,"Number of samples in transaction : 2, number of failing samples : 0",Thread Group 1-1,,true,,293273,7025,3,3,null,3051,8488,2012
1653927101425,991,https://blazedemo.com/reserve.php,200,OK,Thread Group 1-3,text,true,,6761,3891,2,2,https://blazedemo.com/reserve.php,655,0,0
1653927101425,657,https://blazedemo.com/reserve.php-0,200,OK,Thread Group 1-3,text,true,,5843,613,2,2,https://blazedemo.com/reserve.php,655,0,0
1653927102087,73,https://blazedemo.com/reserve.php-1,304,Not Modified,Thread Group 1-3,,true,,214,640,2,2,http://ajax.googleapis.com/ajax/libs/jquery/2.0.0/jquery.min.js,0,0,0
1653927102087,329,https://blazedemo.com/reserve.php-2,304,Not Modified,Thread Group 1-3,,true,,176,658,2,2,https://blazedemo.com/assets/bootstrap.min.js,0,0,0
1653927102087,327,https://blazedemo.com/reserve.php-3,304,Not Modified,Thread Group 1-3,,true,,176,660,2,2,https://blazedemo.com/assets/bootstrap-table.js,0,0,0
1653927102090,323,https://blazedemo.com/reserve.php-4,304,Not Modified,Thread Group 1-3,,true,,177,660,2,2,https://blazedemo.com/assets/bootstrap.min.css,0,0,0
1653927102090,321,https://blazedemo.com/reserve.php-5,304,Not Modified,Thread Group 1-3,,true,,175,660,2,2,https://blazedemo.com/assets/bootstrap-table.css,0,0,0
1653927088993,4905,Test,200,"Number of samples in transaction : 2, number of failing samples : 0",Thread Group 1-3,,true,,293273,7025,2,2,null,3037,8522,1953
1653927101909,865,https://blazedemo.com/reserve.php,200,OK,Thread Group 1-2,text,true,,6761,3891,1,1,https://blazedemo.com/reserve.php,476,0,0
1653927101909,479,https://blazedemo.com/reserve.php-0,200,OK,Thread Group 1-2,text,true,,5843,613,1,1,https://blazedemo.com/reserve.php,476,0,0
1653927102414,74,https://blazedemo.com/reserve.php-1,304,Not Modified,Thread Group 1-2,,true,,214,640,1,1,http://ajax.googleapis.com/ajax/libs/jquery/2.0.0/jquery.min.js,0,0,0
1653927102423,303,https://blazedemo.com/reserve.php-2,304,Not Modified,Thread Group 1-2,,true,,176,658,1,1,https://blazedemo.com/assets/bootstrap.min.js,0,0,0
1653927102422,352,https://blazedemo.com/reserve.php-3,304,Not Modified,Thread Group 1-2,,true,,176,660,1,1,https://blazedemo.com/assets/bootstrap-table.js,0,0,0
1653927102423,312,https://blazedemo.com/reserve.php-4,304,Not Modified,Thread Group 1-2,,true,,177,660,1,1,https://blazedemo.com/assets/bootstrap.min.css,0,0,0
1653927102421,303,https://blazedemo.com/reserve.php-5,304,Not Modified,Thread Group 1-2,,true,,175,660,1,1,https://blazedemo.com/assets/bootstrap-table.css,0,0,0
1653927088896,4832,Test,200,"Number of samples in transaction : 2, number of failing samples : 0",Thread Group 1-2,,true,,293273,7025,1,1,null,2985,9048,2008
