timeStamp,elapsed,label,responseCode,responseMessage,threadName,dataType,success,failureMessage,bytes,sentBytes,grpThreads,allThreads,URL,Latency,IdleTime,Connect
1653927278656,12322,https://blazedemo.com/,200,OK,Thread Group 1-2,text,true,,286512,3134,10,10,https://blazedemo.com/,3369,0,2945
1653927278656,3381,https://blazedemo.com/-0,200,OK,Thread Group 1-2,text,true,,3228,499,10,10,https://blazedemo.com/,3369,0,2945
1653927282107,8871,https://blazedemo.com/-1,200,OK,Thread Group 1-2,text,true,,83981,541,10,10,http://ajax.googleapis.com/ajax/libs/jquery/2.0.0/jquery.min.js,8601,0,3111
1653927282105,2850,https://blazedemo.com/-2,200,OK,Thread Group 1-2,text,true,,28981,522,10,10,https://blazedemo.com/assets/bootstrap.min.js,2773,0,0
1653927282105,6093,https://blazedemo.com/-3,200,OK,Thread Group 1-2,text,true,,39488,524,10,10,https://blazedemo.com/assets/bootstrap-table.js,5996,0,5699
1653927282105,6327,https://blazedemo.com/-4,200,OK,Thread Group 1-2,text,true,,126767,523,10,10,https://blazedemo.com/assets/bootstrap.min.css,6018,0,5721
1653927282105,6009,https://blazedemo.com/-5,200,OK,Thread Group 1-2,text,true,,4067,525,10,10,https://blazedemo.com/assets/bootstrap-table.css,6004,0,5702
1653927279111,18283,https://blazedemo.com/,200,OK,Thread Group 1-7,text,true,,286512,3134,10,10,https://blazedemo.com/,2927,0,2504
1653927279111,2929,https://blazedemo.com/-0,200,OK,Thread Group 1-7,text,true,,3228,499,10,10,https://blazedemo.com/,2927,0,2504
1653927282109,15285,https://blazedemo.com/-1,200,OK,Thread Group 1-7,text,true,,83981,541,10,10,http://ajax.googleapis.com/ajax/libs/jquery/2.0.0/jquery.min.js,14792,0,3099
1653927282112,9220,https://blazedemo.com/-2,200,OK,Thread Group 1-7,text,true,,28981,522,10,10,https://blazedemo.com/assets/bootstrap.min.js,9152,0,6386
1653927282111,2874,https://blazedemo.com/-3,200,OK,Thread Group 1-7,text,true,,39488,524,10,10,https://blazedemo.com/assets/bootstrap-table.js,2768,0,0
1653927282115,11978,https://blazedemo.com/-4,200,OK,Thread Group 1-7,text,true,,126767,523,10,10,https://blazedemo.com/assets/bootstrap.min.css,9687,0,9379
1653927282113,12711,https://blazedemo.com/-5,200,OK,Thread Group 1-7,text,true,,4067,525,10,10,https://blazedemo.com/assets/bootstrap-table.css,12711,0,9396
1653927296677,1195,https://blazedemo.com/reserve.php,200,OK,Thread Group 1-2,text,true,,6761,3891,10,10,https://blazedemo.com/reserve.php,860,0,0
1653927296677,861,https://blazedemo.com/reserve.php-0,200,OK,Thread Group 1-2,text,true,,5843,613,10,10,https://blazedemo.com/reserve.php,860,0,0
1653927297548,80,https://blazedemo.com/reserve.php-1,304,Not Modified,Thread Group 1-2,,true,,214,640,10,10,http://ajax.googleapis.com/ajax/libs/jquery/2.0.0/jquery.min.js,0,0,0
1653927297548,319,https://blazedemo.com/reserve.php-2,304,Not Modified,Thread Group 1-2,,true,,176,658,10,10,https://blazedemo.com/assets/bootstrap.min.js,0,0,0
1653927297554,303,https://blazedemo.com/reserve.php-3,304,Not Modified,Thread Group 1-2,,true,,176,660,10,10,https://blazedemo.com/assets/bootstrap-table.js,0,0,0
1653927297548,324,https://blazedemo.com/reserve.php-4,304,Not Modified,Thread Group 1-2,,true,,177,660,10,10,https://blazedemo.com/assets/bootstrap.min.css,0,0,0
1653927297548,294,https://blazedemo.com/reserve.php-5,304,Not Modified,Thread Group 1-2,,true,,175,660,10,10,https://blazedemo.com/assets/bootstrap-table.css,0,0,0
1653927278610,13517,Test,200,"Number of samples in transaction : 2, number of failing samples : 0",Thread Group 1-2,,true,,293273,7025,10,10,null,4229,5746,2945
1653927300653,750,https://blazedemo.com/reserve.php,200,OK,Thread Group 1-7,text,true,,6761,3891,9,9,https://blazedemo.com/reserve.php,414,0,0
1653927300653,423,https://blazedemo.com/reserve.php-0,200,OK,Thread Group 1-7,text,true,,5843,613,9,9,https://blazedemo.com/reserve.php,414,0,0
1653927301085,78,https://blazedemo.com/reserve.php-1,304,Not Modified,Thread Group 1-7,,true,,214,640,9,9,http://ajax.googleapis.com/ajax/libs/jquery/2.0.0/jquery.min.js,0,0,0
1653927301092,309,https://blazedemo.com/reserve.php-2,304,Not Modified,Thread Group 1-7,,true,,176,658,9,9,https://blazedemo.com/assets/bootstrap.min.js,0,0,0
1653927301088,294,https://blazedemo.com/reserve.php-3,304,Not Modified,Thread Group 1-7,,true,,176,660,9,9,https://blazedemo.com/assets/bootstrap-table.js,0,0,0
1653927301088,315,https://blazedemo.com/reserve.php-4,304,Not Modified,Thread Group 1-7,,true,,177,660,9,9,https://blazedemo.com/assets/bootstrap.min.css,0,0,0
1653927301090,313,https://blazedemo.com/reserve.php-5,304,Not Modified,Thread Group 1-7,,true,,175,660,9,9,https://blazedemo.com/assets/bootstrap-table.css,0,0,0
1653927279109,19033,Test,200,"Number of samples in transaction : 2, number of failing samples : 0",Thread Group 1-7,,true,,293273,7025,9,9,null,3341,3273,2504
1653927279208,24360,https://blazedemo.com/,200,OK,Thread Group 1-8,text,true,,286512,3134,8,8,https://blazedemo.com/,15726,0,15306
1653927279208,15726,https://blazedemo.com/-0,200,OK,Thread Group 1-8,text,true,,3228,499,8,8,https://blazedemo.com/,15726,0,15306
1653927294938,6332,https://blazedemo.com/-1,200,OK,Thread Group 1-8,text,true,,83981,541,8,8,http://ajax.googleapis.com/ajax/libs/jquery/2.0.0/jquery.min.js,6332,0,3072
1653927294940,3101,https://blazedemo.com/-2,200,OK,Thread Group 1-8,text,true,,28981,522,8,8,https://blazedemo.com/assets/bootstrap.min.js,3028,0,0
1653927294941,8474,https://blazedemo.com/-3,200,OK,Thread Group 1-8,text,true,,39488,524,8,8,https://blazedemo.com/assets/bootstrap-table.js,6579,0,6280
1653927294941,8627,https://blazedemo.com/-4,200,OK,Thread Group 1-8,text,true,,126767,523,8,8,https://blazedemo.com/assets/bootstrap.min.css,6592,0,6293
1653927294941,6577,https://blazedemo.com/-5,200,OK,Thread Group 1-8,text,true,,4067,525,8,8,https://blazedemo.com/assets/bootstrap-table.css,6573,0,6279
1653927279017,28296,https://blazedemo.com/,200,OK,Thread Group 1-6,text,true,,286512,3134,8,8,https://blazedemo.com/,3047,0,2609
1653927279017,3048,https://blazedemo.com/-0,200,OK,Thread Group 1-6,text,true,,3228,499,8,8,https://blazedemo.com/,3047,0,2609
1653927282118,2902,https://blazedemo.com/-1,200,OK,Thread Group 1-6,text,true,,83981,541,8,8,http://ajax.googleapis.com/ajax/libs/jquery/2.0.0/jquery.min.js,2902,0,75
1653927282117,18523,https://blazedemo.com/-2,200,OK,Thread Group 1-6,text,true,,28981,522,8,8,https://blazedemo.com/assets/bootstrap.min.js,3102,0,0
1653927282121,25192,https://blazedemo.com/-3,200,OK,Thread Group 1-6,text,true,,39488,524,8,8,https://blazedemo.com/assets/bootstrap-table.js,12847,0,9482
1653927282119,9424,https://blazedemo.com/-4,200,OK,Thread Group 1-6,text,true,,126767,523,8,8,https://blazedemo.com/assets/bootstrap.min.css,9146,0,6379
1653927282126,12826,https://blazedemo.com/-5,200,OK,Thread Group 1-6,text,true,,4067,525,8,8,https://blazedemo.com/assets/bootstrap-table.css,12826,0,9467
1653927279303,29552,https://blazedemo.com/,Non HTTP response code: javax.net.ssl.SSLHandshakeException,Non HTTP response message: Remote host terminated the handshake,Thread Group 1-9,text,false,,2886,0,8,8,https://blazedemo.com/,0,0,29552
1653927310029,766,https://blazedemo.com/reserve.php,200,OK,Thread Group 1-8,text,true,,6761,3891,8,8,https://blazedemo.com/reserve.php,413,0,0
1653927310029,415,https://blazedemo.com/reserve.php-0,200,OK,Thread Group 1-8,text,true,,5843,613,8,8,https://blazedemo.com/reserve.php,413,0,0
1653927310451,78,https://blazedemo.com/reserve.php-1,304,Not Modified,Thread Group 1-8,,true,,214,640,8,8,http://ajax.googleapis.com/ajax/libs/jquery/2.0.0/jquery.min.js,0,0,0
1653927310457,307,https://blazedemo.com/reserve.php-2,304,Not Modified,Thread Group 1-8,,true,,176,658,8,8,https://blazedemo.com/assets/bootstrap.min.js,0,0,0
1653927310459,336,https://blazedemo.com/reserve.php-3,304,Not Modified,Thread Group 1-8,,true,,176,660,8,8,https://blazedemo.com/assets/bootstrap-table.js,0,0,0
1653927310455,296,https://blazedemo.com/reserve.php-4,304,Not Modified,Thread Group 1-8,,true,,177,660,8,8,https://blazedemo.com/assets/bootstrap.min.css,0,0,0
1653927310458,307,https://blazedemo.com/reserve.php-5,304,Not Modified,Thread Group 1-8,,true,,175,660,8,8,https://blazedemo.com/assets/bootstrap-table.css,0,0,0
1653927279206,25126,Test,200,"Number of samples in transaction : 2, number of failing samples : 0",Thread Group 1-8,,true,,293273,7025,8,8,null,16139,6465,15306
1653927279406,35595,https://blazedemo.com/,200,OK,Thread Group 1-10,text,true,,286512,3134,7,7,https://blazedemo.com/,15743,0,15305
1653927279406,15744,https://blazedemo.com/-0,200,OK,Thread Group 1-10,text,true,,3228,499,7,7,https://blazedemo.com/,15743,0,15305
1653927295160,15340,https://blazedemo.com/-1,200,OK,Thread Group 1-10,text,true,,83981,541,7,7,http://ajax.googleapis.com/ajax/libs/jquery/2.0.0/jquery.min.js,15340,0,15087
1653927295167,2805,https://blazedemo.com/-2,200,OK,Thread Group 1-10,text,true,,28981,522,7,7,https://blazedemo.com/assets/bootstrap.min.js,2738,0,0
1653927295171,19446,https://blazedemo.com/-3,200,OK,Thread Group 1-10,text,true,,39488,524,7,7,https://blazedemo.com/assets/bootstrap-table.js,15607,0,15307
1653927295170,19831,https://blazedemo.com/-4,200,OK,Thread Group 1-10,text,true,,126767,523,7,7,https://blazedemo.com/assets/bootstrap.min.css,15600,0,15304
1653927295170,10617,https://blazedemo.com/-5,200,OK,Thread Group 1-10,text,true,,4067,525,7,7,https://blazedemo.com/assets/bootstrap-table.css,10614,0,10321
1653927309861,7514,https://blazedemo.com/reserve.php,200,OK,Thread Group 1-9,text,true,,289127,3493,7,7,https://blazedemo.com/reserve.php,704,0,264
1653927309861,711,https://blazedemo.com/reserve.php-0,200,OK,Thread Group 1-9,text,true,,5843,613,7,7,https://blazedemo.com/reserve.php,704,0,264
1653927310577,3085,https://blazedemo.com/reserve.php-1,200,OK,Thread Group 1-9,text,true,,83981,590,7,7,http://ajax.googleapis.com/ajax/libs/jquery/2.0.0/jquery.min.js,3084,0,60
1653927310575,6079,https://blazedemo.com/reserve.php-2,200,OK,Thread Group 1-9,text,true,,28981,571,7,7,https://blazedemo.com/assets/bootstrap.min.js,4103,0,3805
1653927310577,736,https://blazedemo.com/reserve.php-3,200,OK,Thread Group 1-9,text,true,,39488,573,7,7,https://blazedemo.com/assets/bootstrap-table.js,305,0,0
1653927310577,6798,https://blazedemo.com/reserve.php-4,200,OK,Thread Group 1-9,text,true,,126767,572,7,7,https://blazedemo.com/assets/bootstrap.min.css,6519,0,6220
1653927310577,2958,https://blazedemo.com/reserve.php-5,200,OK,Thread Group 1-9,text,true,,4067,574,7,7,https://blazedemo.com/assets/bootstrap-table.css,2952,0,1462
1653927279301,37066,Test,,"Number of samples in transaction : 2, number of failing samples : 1",Thread Group 1-9,,false,,292013,3493,7,7,null,704,1010,29816
1653927315145,4405,https://blazedemo.com/reserve.php,200,OK,Thread Group 1-6,text,true,,6761,3891,6,6,https://blazedemo.com/reserve.php,425,0,0
1653927315145,436,https://blazedemo.com/reserve.php-0,200,OK,Thread Group 1-6,text,true,,5843,613,6,6,https://blazedemo.com/reserve.php,425,0,0
1653927315589,77,https://blazedemo.com/reserve.php-1,304,Not Modified,Thread Group 1-6,,true,,214,640,6,6,http://ajax.googleapis.com/ajax/libs/jquery/2.0.0/jquery.min.js,0,0,0
1653927315590,1297,https://blazedemo.com/reserve.php-2,304,Not Modified,Thread Group 1-6,,true,,176,658,6,6,https://blazedemo.com/assets/bootstrap.min.js,0,0,0
1653927315592,3958,https://blazedemo.com/reserve.php-3,304,Not Modified,Thread Group 1-6,,true,,176,660,6,6,https://blazedemo.com/assets/bootstrap-table.js,0,0,0
1653927315593,3320,https://blazedemo.com/reserve.php-4,304,Not Modified,Thread Group 1-6,,true,,177,660,6,6,https://blazedemo.com/assets/bootstrap.min.css,0,0,0
1653927315590,880,https://blazedemo.com/reserve.php-5,304,Not Modified,Thread Group 1-6,,true,,175,660,6,6,https://blazedemo.com/assets/bootstrap-table.css,0,0,0
1653927279015,32701,Test,200,"Number of samples in transaction : 2, number of failing samples : 0",Thread Group 1-6,,true,,293273,7025,6,6,null,3472,7833,2609
1653927318644,1082,https://blazedemo.com/reserve.php,200,OK,Thread Group 1-10,text,true,,6761,3891,5,5,https://blazedemo.com/reserve.php,749,0,0
1653927318644,763,https://blazedemo.com/reserve.php-0,200,OK,Thread Group 1-10,text,true,,5843,613,5,5,https://blazedemo.com/reserve.php,749,0,0
1653927319415,80,https://blazedemo.com/reserve.php-1,304,Not Modified,Thread Group 1-10,,true,,214,640,5,5,http://ajax.googleapis.com/ajax/libs/jquery/2.0.0/jquery.min.js,0,0,0
1653927319416,302,https://blazedemo.com/reserve.php-2,304,Not Modified,Thread Group 1-10,,true,,176,658,5,5,https://blazedemo.com/assets/bootstrap.min.js,0,0,0
1653927319418,294,https://blazedemo.com/reserve.php-3,304,Not Modified,Thread Group 1-10,,true,,176,660,5,5,https://blazedemo.com/assets/bootstrap-table.js,0,0,0
1653927319418,308,https://blazedemo.com/reserve.php-4,304,Not Modified,Thread Group 1-10,,true,,177,660,5,5,https://blazedemo.com/assets/bootstrap.min.css,0,0,0
1653927319420,306,https://blazedemo.com/reserve.php-5,304,Not Modified,Thread Group 1-10,,true,,175,660,5,5,https://blazedemo.com/assets/bootstrap-table.css,0,0,0
1653927279403,36677,Test,200,"Number of samples in transaction : 2, number of failing samples : 0",Thread Group 1-10,,true,,293273,7025,5,5,null,16492,3648,15305
1653927278656,57649,https://blazedemo.com/,200,OK,Thread Group 1-1,text,true,,286512,3134,4,4,https://blazedemo.com/,3410,0,2967
1653927278656,3411,https://blazedemo.com/-0,200,OK,Thread Group 1-1,text,true,,3228,499,4,4,https://blazedemo.com/,3410,0,2967
1653927282123,54182,https://blazedemo.com/-1,200,OK,Thread Group 1-1,text,true,,83981,541,4,4,http://ajax.googleapis.com/ajax/libs/jquery/2.0.0/jquery.min.js,53325,0,3138
1653927282129,9221,https://blazedemo.com/-2,200,OK,Thread Group 1-1,text,true,,28981,522,4,4,https://blazedemo.com/assets/bootstrap.min.js,9178,0,8880
1653927282129,2726,https://blazedemo.com/-3,200,OK,Thread Group 1-1,text,true,,39488,524,4,4,https://blazedemo.com/assets/bootstrap-table.js,1504,0,0
1653927282129,14822,https://blazedemo.com/-4,200,OK,Thread Group 1-1,text,true,,126767,523,4,4,https://blazedemo.com/assets/bootstrap.min.css,12695,0,9384
1653927282128,12742,https://blazedemo.com/-5,200,OK,Thread Group 1-1,text,true,,4067,525,4,4,https://blazedemo.com/assets/bootstrap-table.css,12739,0,9428
1653927278926,57387,https://blazedemo.com/,200,OK,Thread Group 1-5,text,true,,286512,3134,4,4,https://blazedemo.com/,3143,0,2700
1653927278926,3144,https://blazedemo.com/-0,200,OK,Thread Group 1-5,text,true,,3228,499,4,4,https://blazedemo.com/,3143,0,2700
1653927282142,54171,https://blazedemo.com/-1,200,OK,Thread Group 1-5,text,true,,83981,541,4,4,http://ajax.googleapis.com/ajax/libs/jquery/2.0.0/jquery.min.js,53318,0,3121
1653927282144,12822,https://blazedemo.com/-2,200,OK,Thread Group 1-5,text,true,,28981,522,4,4,https://blazedemo.com/assets/bootstrap.min.js,12716,0,9412
1653927282145,18362,https://blazedemo.com/-3,200,OK,Thread Group 1-5,text,true,,39488,524,4,4,https://blazedemo.com/assets/bootstrap-table.js,12734,0,9426
1653927282147,32321,https://blazedemo.com/-4,200,OK,Thread Group 1-5,text,true,,126767,523,4,4,https://blazedemo.com/assets/bootstrap.min.css,12718,0,9409
1653927282107,3170,https://blazedemo.com/-5,200,OK,Thread Group 1-5,text,true,,4067,525,4,4,https://blazedemo.com/assets/bootstrap-table.css,3130,0,0
1653927278715,60083,https://blazedemo.com/,200,OK,Thread Group 1-3,text,true,,286512,3134,4,4,https://blazedemo.com/,3359,0,2921
1653927278715,3359,https://blazedemo.com/-0,200,OK,Thread Group 1-3,text,true,,3228,499,4,4,https://blazedemo.com/,3359,0,2921
1653927282125,31241,https://blazedemo.com/-1,200,OK,Thread Group 1-3,text,true,,83981,541,4,4,http://ajax.googleapis.com/ajax/libs/jquery/2.0.0/jquery.min.js,10356,0,3133
1653927282122,9112,https://blazedemo.com/-2,200,OK,Thread Group 1-3,text,true,,28981,522,4,4,https://blazedemo.com/assets/bootstrap.min.js,3116,0,0
1653927282135,56663,https://blazedemo.com/-3,200,OK,Thread Group 1-3,text,true,,39488,524,4,4,https://blazedemo.com/assets/bootstrap-table.js,12815,0,9452
1653927282137,21289,https://blazedemo.com/-4,200,OK,Thread Group 1-3,text,true,,126767,523,4,4,https://blazedemo.com/assets/bootstrap.min.css,12815,0,9449
1653927282140,12720,https://blazedemo.com/-5,200,OK,Thread Group 1-3,text,true,,4067,525,4,4,https://blazedemo.com/assets/bootstrap-table.css,12717,0,9417
1653927343171,1259,https://blazedemo.com/reserve.php,200,OK,Thread Group 1-5,text,true,,6761,3891,4,4,https://blazedemo.com/reserve.php,670,0,279
1653927343171,673,https://blazedemo.com/reserve.php-0,200,OK,Thread Group 1-5,text,true,,5843,613,4,4,https://blazedemo.com/reserve.php,670,0,279
1653927343850,133,https://blazedemo.com/reserve.php-1,304,Not Modified,Thread Group 1-5,,true,,214,640,4,4,http://ajax.googleapis.com/ajax/libs/jquery/2.0.0/jquery.min.js,0,0,65
1653927343850,580,https://blazedemo.com/reserve.php-2,304,Not Modified,Thread Group 1-5,,true,,176,658,4,4,https://blazedemo.com/assets/bootstrap.min.js,0,0,281
1653927343852,563,https://blazedemo.com/reserve.php-3,304,Not Modified,Thread Group 1-5,,true,,176,660,4,4,https://blazedemo.com/assets/bootstrap-table.js,0,0,263
1653927343850,299,https://blazedemo.com/reserve.php-4,304,Not Modified,Thread Group 1-5,,true,,177,660,4,4,https://blazedemo.com/assets/bootstrap.min.css,0,0,0
1653927343855,575,https://blazedemo.com/reserve.php-5,304,Not Modified,Thread Group 1-5,,true,,175,660,4,4,https://blazedemo.com/assets/bootstrap-table.css,0,0,273
1653927278922,58646,Test,200,"Number of samples in transaction : 2, number of failing samples : 0",Thread Group 1-5,,true,,293273,7025,4,4,null,3813,6863,2979
1653927278822,66228,https://blazedemo.com/,200,OK,Thread Group 1-4,text,true,,286512,3134,3,3,https://blazedemo.com/,2631,0,2201
1653927278822,2640,https://blazedemo.com/-0,200,OK,Thread Group 1-4,text,true,,3228,499,3,3,https://blazedemo.com/,2631,0,2201
1653927281628,332,https://blazedemo.com/-1,200,OK,Thread Group 1-4,text,true,,83981,541,3,3,http://ajax.googleapis.com/ajax/libs/jquery/2.0.0/jquery.min.js,332,0,81
1653927281630,63420,https://blazedemo.com/-2,200,OK,Thread Group 1-4,text,true,,28981,522,3,3,https://blazedemo.com/assets/bootstrap.min.js,602,0,312
1653927281631,8631,https://blazedemo.com/-3,200,OK,Thread Group 1-4,text,true,,39488,524,3,3,https://blazedemo.com/assets/bootstrap-table.js,579,0,283
1653927281628,2909,https://blazedemo.com/-4,200,OK,Thread Group 1-4,text,true,,126767,523,3,3,https://blazedemo.com/assets/bootstrap.min.css,572,0,270
1653927281628,313,https://blazedemo.com/-5,200,OK,Thread Group 1-4,text,true,,4067,525,3,3,https://blazedemo.com/assets/bootstrap-table.css,311,0,0
1653927344812,1321,https://blazedemo.com/reserve.php,200,OK,Thread Group 1-1,text,true,,6761,3891,3,3,https://blazedemo.com/reserve.php,684,0,266
1653927344812,693,https://blazedemo.com/reserve.php-0,200,OK,Thread Group 1-1,text,true,,5843,613,3,3,https://blazedemo.com/reserve.php,684,0,266
1653927345511,228,https://blazedemo.com/reserve.php-1,304,Not Modified,Thread Group 1-1,,true,,214,640,3,3,http://ajax.googleapis.com/ajax/libs/jquery/2.0.0/jquery.min.js,0,0,84
1653927345531,602,https://blazedemo.com/reserve.php-2,304,Not Modified,Thread Group 1-1,,true,,176,658,3,3,https://blazedemo.com/assets/bootstrap.min.js,0,0,299
1653927345528,603,https://blazedemo.com/reserve.php-3,304,Not Modified,Thread Group 1-1,,true,,176,660,3,3,https://blazedemo.com/assets/bootstrap-table.js,0,0,302
1653927345522,599,https://blazedemo.com/reserve.php-4,304,Not Modified,Thread Group 1-1,,true,,177,660,3,3,https://blazedemo.com/assets/bootstrap.min.css,0,0,299
1653927345514,317,https://blazedemo.com/reserve.php-5,304,Not Modified,Thread Group 1-1,,true,,175,660,3,3,https://blazedemo.com/assets/bootstrap-table.css,0,0,0
1653927278523,58970,Test,200,"Number of samples in transaction : 2, number of failing samples : 0",Thread Group 1-1,,true,,293273,7025,3,3,null,4094,8641,3233
1653927345561,1265,https://blazedemo.com/reserve.php,200,OK,Thread Group 1-3,text,true,,6761,3891,2,2,https://blazedemo.com/reserve.php,683,0,278
1653927345561,689,https://blazedemo.com/reserve.php-0,200,OK,Thread Group 1-3,text,true,,5843,613,2,2,https://blazedemo.com/reserve.php,683,0,278
1653927346252,145,https://blazedemo.com/reserve.php-1,304,Not Modified,Thread Group 1-3,,true,,214,640,2,2,http://ajax.googleapis.com/ajax/libs/jquery/2.0.0/jquery.min.js,0,0,63
1653927346252,574,https://blazedemo.com/reserve.php-2,304,Not Modified,Thread Group 1-3,,true,,176,658,2,2,https://blazedemo.com/assets/bootstrap.min.js,0,0,269
1653927346251,567,https://blazedemo.com/reserve.php-3,304,Not Modified,Thread Group 1-3,,true,,176,660,2,2,https://blazedemo.com/assets/bootstrap-table.js,0,0,271
1653927346253,562,https://blazedemo.com/reserve.php-4,304,Not Modified,Thread Group 1-3,,true,,177,660,2,2,https://blazedemo.com/assets/bootstrap.min.css,0,0,269
1653927346252,300,https://blazedemo.com/reserve.php-5,304,Not Modified,Thread Group 1-3,,true,,175,660,2,2,https://blazedemo.com/assets/bootstrap-table.css,0,0,0
1653927278713,61348,Test,200,"Number of samples in transaction : 2, number of failing samples : 0",Thread Group 1-3,,true,,293273,7025,2,2,null,4042,6766,3199
1653927349596,1260,https://blazedemo.com/reserve.php,200,OK,Thread Group 1-4,text,true,,6761,3891,1,1,https://blazedemo.com/reserve.php,687,0,255
1653927349596,694,https://blazedemo.com/reserve.php-0,200,OK,Thread Group 1-4,text,true,,5843,613,1,1,https://blazedemo.com/reserve.php,687,0,255
1653927350294,140,https://blazedemo.com/reserve.php-1,304,Not Modified,Thread Group 1-4,,true,,214,640,1,1,http://ajax.googleapis.com/ajax/libs/jquery/2.0.0/jquery.min.js,0,0,72
1653927350295,298,https://blazedemo.com/reserve.php-2,304,Not Modified,Thread Group 1-4,,true,,176,658,1,1,https://blazedemo.com/assets/bootstrap.min.js,0,0,0
1653927350298,550,https://blazedemo.com/reserve.php-3,304,Not Modified,Thread Group 1-4,,true,,176,660,1,1,https://blazedemo.com/assets/bootstrap-table.js,0,0,257
1653927350299,555,https://blazedemo.com/reserve.php-4,304,Not Modified,Thread Group 1-4,,true,,177,660,1,1,https://blazedemo.com/assets/bootstrap.min.css,0,0,256
1653927350298,558,https://blazedemo.com/reserve.php-5,304,Not Modified,Thread Group 1-4,,true,,175,660,1,1,https://blazedemo.com/assets/bootstrap-table.css,0,0,262
1653927278821,67488,Test,200,"Number of samples in transaction : 2, number of failing samples : 0",Thread Group 1-4,,true,,293273,7025,1,1,null,3318,4550,2456
