{
  "https://blazedemo.com/" : {
    "transaction" : "https://blazedemo.com/",
    "sampleCount" : 10,
    "errorCount" : 1,
    "errorPct" : 10.0,
    "meanResTime" : 38975.5,
    "medianResTime" : 32573.5,
    "minResTime" : 12322.0,
    "maxResTime" : 66228.0,
    "pct1ResTime" : 65613.5,
    "pct2ResTime" : 66228.0,
    "pct3ResTime" : 66228.0,
    "throughput" : 0.15061601951983614,
    "receivedKBytesPerSec" : 37.97015143499412,
    "sentKBytesPerSec" : 0.4148706490797361
  },
  "https://blazedemo.com/-5" : {
    "transaction" : "https://blazedemo.com/-5",
    "sampleCount" : 9,
    "errorCount" : 0,
    "errorPct" : 0.0,
    "meanResTime" : 8631.666666666666,
    "medianResTime" : 10617.0,
    "minResTime" : 313.0,
    "maxResTime" : 12826.0,
    "pct1ResTime" : 12826.0,
    "pct2ResTime" : 12826.0,
    "pct3ResTime" : 12826.0,
    "throughput" : 0.37253197566124424,
    "receivedKBytesPerSec" : 1.4795776806780083,
    "sentKBytesPerSec" : 0.19099539767788404
  },
  "https://blazedemo.com/reserve.php-0" : {
    "transaction" : "https://blazedemo.com/reserve.php-0",
    "sampleCount" : 10,
    "errorCount" : 0,
    "errorPct" : 0.0,
    "meanResTime" : 635.8000000000001,
    "medianResTime" : 691.0,
    "minResTime" : 415.0,
    "maxResTime" : 861.0,
    "pct1ResTime" : 851.2,
    "pct2ResTime" : 861.0,
    "pct3ResTime" : 861.0,
    "throughput" : 0.18652192565236045,
    "receivedKBytesPerSec" : 1.0643043081901777,
    "sentKBytesPerSec" : 0.11165814494618842
  },
  "https://blazedemo.com/-4" : {
    "transaction" : "https://blazedemo.com/-4",
    "sampleCount" : 9,
    "errorCount" : 0,
    "errorPct" : 0.0,
    "meanResTime" : 14169.777777777777,
    "medianResTime" : 11978.0,
    "minResTime" : 2909.0,
    "maxResTime" : 32321.0,
    "pct1ResTime" : 32321.0,
    "pct2ResTime" : 32321.0,
    "pct3ResTime" : 32321.0,
    "throughput" : 0.26967908189254786,
    "receivedKBytesPerSec" : 33.385164232688105,
    "sentKBytesPerSec" : 0.13773648420879156
  },
  "https://blazedemo.com/-3" : {
    "transaction" : "https://blazedemo.com/-3",
    "sampleCount" : 9,
    "errorCount" : 0,
    "errorPct" : 0.0,
    "meanResTime" : 16495.666666666668,
    "medianResTime" : 8631.0,
    "minResTime" : 2726.0,
    "maxResTime" : 56663.0,
    "pct1ResTime" : 56663.0,
    "pct2ResTime" : 56663.0,
    "pct3ResTime" : 56663.0,
    "throughput" : 0.15743348435286092,
    "receivedKBytesPerSec" : 6.071028740357199,
    "sentKBytesPerSec" : 0.08056166582119055
  },
  "https://blazedemo.com/-2" : {
    "transaction" : "https://blazedemo.com/-2",
    "sampleCount" : 9,
    "errorCount" : 0,
    "errorPct" : 0.0,
    "meanResTime" : 14563.777777777777,
    "medianResTime" : 9220.0,
    "minResTime" : 2805.0,
    "maxResTime" : 63420.0,
    "pct1ResTime" : 63420.0,
    "pct2ResTime" : 63420.0,
    "pct3ResTime" : 63420.0,
    "throughput" : 0.14191106906338694,
    "receivedKBytesPerSec" : 4.016332707544938,
    "sentKBytesPerSec" : 0.07234138481551561
  },
  "https://blazedemo.com/reserve.php-3" : {
    "transaction" : "https://blazedemo.com/reserve.php-3",
    "sampleCount" : 10,
    "errorCount" : 0,
    "errorPct" : 0.0,
    "meanResTime" : 820.4,
    "medianResTime" : 556.5,
    "minResTime" : 294.0,
    "maxResTime" : 3958.0,
    "pct1ResTime" : 3635.800000000001,
    "pct2ResTime" : 3958.0,
    "pct3ResTime" : 3958.0,
    "throughput" : 0.18763838330768942,
    "receivedKBytesPerSec" : 0.7526058280481855,
    "sentKBytesPerSec" : 0.11934460844560364
  },
  "https://blazedemo.com/-1" : {
    "transaction" : "https://blazedemo.com/-1",
    "sampleCount" : 9,
    "errorCount" : 0,
    "errorPct" : 0.0,
    "meanResTime" : 20961.777777777777,
    "medianResTime" : 15285.0,
    "minResTime" : 332.0,
    "maxResTime" : 54182.0,
    "pct1ResTime" : 54182.0,
    "pct2ResTime" : 54182.0,
    "pct3ResTime" : 54182.0,
    "throughput" : 0.16457895218067112,
    "receivedKBytesPerSec" : 13.497563460043887,
    "sentKBytesPerSec" : 0.08695040344701471
  },
  "https://blazedemo.com/reserve.php-4" : {
    "transaction" : "https://blazedemo.com/reserve.php-4",
    "sampleCount" : 10,
    "errorCount" : 0,
    "errorPct" : 0.0,
    "meanResTime" : 1337.6000000000001,
    "medianResTime" : 439.5,
    "minResTime" : 296.0,
    "maxResTime" : 6798.0,
    "pct1ResTime" : 6450.200000000001,
    "pct2ResTime" : 6798.0,
    "pct3ResTime" : 6798.0,
    "throughput" : 0.18759614302329944,
    "receivedKBytesPerSec" : 2.351546964694406,
    "sentKBytesPerSec" : 0.1192994222038795
  },
  "https://blazedemo.com/-0" : {
    "transaction" : "https://blazedemo.com/-0",
    "sampleCount" : 9,
    "errorCount" : 0,
    "errorPct" : 0.0,
    "meanResTime" : 5931.333333333333,
    "medianResTime" : 3359.0,
    "minResTime" : 2640.0,
    "maxResTime" : 15744.0,
    "pct1ResTime" : 15744.0,
    "pct2ResTime" : 15744.0,
    "pct3ResTime" : 15744.0,
    "throughput" : 0.5456529647144416,
    "receivedKBytesPerSec" : 1.7200857129865406,
    "sentKBytesPerSec" : 0.2658992474536195
  },
  "https://blazedemo.com/reserve.php-1" : {
    "transaction" : "https://blazedemo.com/reserve.php-1",
    "sampleCount" : 10,
    "errorCount" : 0,
    "errorPct" : 0.0,
    "meanResTime" : 412.40000000000003,
    "medianResTime" : 106.5,
    "minResTime" : 77.0,
    "maxResTime" : 3085.0,
    "pct1ResTime" : 2799.300000000001,
    "pct2ResTime" : 3085.0,
    "pct3ResTime" : 3085.0,
    "throughput" : 0.18908595847672352,
    "receivedKBytesPerSec" : 1.5863093198105358,
    "sentKBytesPerSec" : 0.11725545276632757
  },
  "https://blazedemo.com/reserve.php-2" : {
    "transaction" : "https://blazedemo.com/reserve.php-2",
    "sampleCount" : 10,
    "errorCount" : 0,
    "errorPct" : 0.0,
    "meanResTime" : 1066.7,
    "medianResTime" : 446.5,
    "minResTime" : 298.0,
    "maxResTime" : 6079.0,
    "pct1ResTime" : 5600.800000000002,
    "pct2ResTime" : 6079.0,
    "pct3ResTime" : 6079.0,
    "throughput" : 0.18851918182675087,
    "receivedKBytesPerSec" : 0.562703983645961,
    "sentKBytesPerSec" : 0.11953662574229428
  },
  "https://blazedemo.com/reserve.php-5" : {
    "transaction" : "https://blazedemo.com/reserve.php-5",
    "sampleCount" : 10,
    "errorCount" : 0,
    "errorPct" : 0.0,
    "meanResTime" : 680.8,
    "medianResTime" : 315.0,
    "minResTime" : 294.0,
    "maxResTime" : 2958.0,
    "pct1ResTime" : 2750.2000000000007,
    "pct2ResTime" : 2958.0,
    "pct3ResTime" : 2958.0,
    "throughput" : 0.18758910482479177,
    "receivedKBytesPerSec" : 0.10335720013881594,
    "sentKBytesPerSec" : 0.11933158484655211
  },
  "Test" : {
    "transaction" : "Test",
    "sampleCount" : 10,
    "errorCount" : 1,
    "errorPct" : 10.0,
    "meanResTime" : 41057.2,
    "medianResTime" : 36871.5,
    "minResTime" : 13517.0,
    "maxResTime" : 67488.0,
    "pct1ResTime" : 66874.0,
    "pct2ResTime" : 67488.0,
    "pct3ResTime" : 67488.0,
    "throughput" : 0.14752308736317232,
    "receivedKBytesPerSec" : 42.232373526613166,
    "sentKBytesPerSec" : 0.9611763029976691
  },
  "Total" : {
    "transaction" : "Total",
    "sampleCount" : 134,
    "errorCount" : 1,
    "errorPct" : 0.74626863,
    "meanResTime" : 8857.425373134325,
    "medianResTime" : 2827.5,
    "minResTime" : 77.0,
    "maxResTime" : 66228.0,
    "pct1ResTime" : 26744.0,
    "pct2ResTime" : 54802.25,
    "pct3ResTime" : 65245.20000000002,
    "throughput" : 1.8559556786703602,
    "receivedKBytesPerSec" : 79.26189729051247,
    "sentKBytesPerSec" : 1.8048281682825484
  },
  "https://blazedemo.com/reserve.php" : {
    "transaction" : "https://blazedemo.com/reserve.php",
    "sampleCount" : 10,
    "errorCount" : 0,
    "errorPct" : 0.0,
    "meanResTime" : 2081.7,
    "medianResTime" : 1259.5,
    "minResTime" : 750.0,
    "maxResTime" : 7514.0,
    "pct1ResTime" : 7203.100000000001,
    "pct2ResTime" : 7514.0,
    "pct3ResTime" : 7514.0,
    "throughput" : 0.18457335868140792,
    "receivedKBytesPerSec" : 6.308227126746525,
    "sentKBytesPerSec" : 0.6941688661658576
  }
}